[
  {
    "source": "^the body response$",
    "steps": [
      {
        "name": "the body response",
        "aggregatedDurations": {
          "average": 0.126539451,
          "median": 0.06695277
        },
        "durations": [
          {
            "duration": 1.009853211,
            "location": "200_MasterAccountBalance.feature:30"
          },
          {
            "duration": 0.091071912,
            "location": "400_ValidateRequest.feature:32"
          },
          {
            "duration": 0.08364414,
            "location": "400_ValidateRequest.feature:71"
          },
          {
            "duration": 0.074537972,
            "location": "400_ValidateRequest.feature:110"
          },
          {
            "duration": 0.077644752,
            "location": "400_ValidateRequest.feature:149"
          },
          {
            "duration": 0.087430554,
            "location": "400_ValidateRequest.feature:188"
          },
          {
            "duration": 0.063073776,
            "location": "400_ValidateRequest.feature:227"
          },
          {
            "duration": 0.06695277,
            "location": "400_ValidateRequest.feature:266"
          },
          {
            "duration": 0.061151344,
            "location": "400_ValidateRequest.feature:305"
          },
          {
            "duration": 0.061455963,
            "location": "400_ValidateRequest.feature:344"
          },
          {
            "duration": 0.06855181,
            "location": "400_ValidateRequest.feature:383"
          },
          {
            "duration": 0.063274721,
            "location": "400_ValidateRequest.feature:422"
          },
          {
            "duration": 0.066721533,
            "location": "400_ValidateRequest.feature:461"
          },
          {
            "duration": 0.057509559,
            "location": "400_ValidateRequest.feature:500"
          },
          {
            "duration": 0.061570302,
            "location": "400_ValidateRequest.feature:539"
          },
          {
            "duration": 0.059332158,
            "location": "400_ValidateRequest.feature:578"
          },
          {
            "duration": 0.059515185,
            "location": "400_ValidateRequest.feature:613"
          },
          {
            "duration": 0.16011009,
            "location": "404_ExecuteWithNotFound.feature:32"
          },
          {
            "duration": 0.130847824,
            "location": "404_ExecuteWithNotFound.feature:71"
          }
        ]
      }
    ]
  },
  {
    "source": "^the body request$",
    "steps": [
      {
        "name": "the body request",
        "aggregatedDurations": {
          "average": 0.000674223,
          "median": 0.000541404
        },
        "durations": [
          {
            "duration": 0.000787147,
            "location": "200_MasterAccountBalance.feature:19"
          },
          {
            "duration": 0.000711633,
            "location": "400_ValidateRequest.feature:21"
          },
          {
            "duration": 0.00090234,
            "location": "400_ValidateRequest.feature:60"
          },
          {
            "duration": 0.000523059,
            "location": "400_ValidateRequest.feature:99"
          },
          {
            "duration": 0.0006903,
            "location": "400_ValidateRequest.feature:138"
          },
          {
            "duration": 0.000693714,
            "location": "400_ValidateRequest.feature:177"
          },
          {
            "duration": 0.000921965,
            "location": "400_ValidateRequest.feature:216"
          },
          {
            "duration": 0.000500873,
            "location": "400_ValidateRequest.feature:255"
          },
          {
            "duration": 0.000565723,
            "location": "400_ValidateRequest.feature:294"
          },
          {
            "duration": 0.00190622,
            "location": "400_ValidateRequest.feature:333"
          },
          {
            "duration": 0.000541404,
            "location": "400_ValidateRequest.feature:372"
          },
          {
            "duration": 0.000411706,
            "location": "400_ValidateRequest.feature:411"
          },
          {
            "duration": 0.000494047,
            "location": "400_ValidateRequest.feature:450"
          },
          {
            "duration": 0.000373308,
            "location": "400_ValidateRequest.feature:489"
          },
          {
            "duration": 0.000287981,
            "location": "400_ValidateRequest.feature:528"
          },
          {
            "duration": 0.001325565,
            "location": "400_ValidateRequest.feature:567"
          },
          {
            "duration": 0.000486368,
            "location": "400_ValidateRequest.feature:606"
          },
          {
            "duration": 0.000427491,
            "location": "404_ExecuteWithNotFound.feature:21"
          },
          {
            "duration": 0.000259396,
            "location": "404_ExecuteWithNotFound.feature:60"
          }
        ]
      }
    ]
  },
  {
    "source": "^the simulated response$",
    "steps": [
      {
        "name": "the simulated response",
        "aggregatedDurations": {
          "average": 0.000295637,
          "median": 0.000176201
        },
        "durations": [
          {
            "duration": 0.000424932,
            "location": "200_MasterAccountBalance.feature:6"
          },
          {
            "duration": 0.000233371,
            "location": "400_ValidateRequest.feature:6"
          },
          {
            "duration": 0.000235931,
            "location": "400_ValidateRequest.feature:45"
          },
          {
            "duration": 0.000224412,
            "location": "400_ValidateRequest.feature:84"
          },
          {
            "duration": 0.000322965,
            "location": "400_ValidateRequest.feature:123"
          },
          {
            "duration": 0.000211186,
            "location": "400_ValidateRequest.feature:162"
          },
          {
            "duration": 0.000155296,
            "location": "400_ValidateRequest.feature:201"
          },
          {
            "duration": 0.000157429,
            "location": "400_ValidateRequest.feature:240"
          },
          {
            "duration": 0.000176201,
            "location": "400_ValidateRequest.feature:279"
          },
          {
            "duration": 0.00014719,
            "location": "400_ValidateRequest.feature:318"
          },
          {
            "duration": 0.000244891,
            "location": "400_ValidateRequest.feature:357"
          },
          {
            "duration": 0.000382268,
            "location": "400_ValidateRequest.feature:396"
          },
          {
            "duration": 0.000131831,
            "location": "400_ValidateRequest.feature:435"
          },
          {
            "duration": 0.000136098,
            "location": "400_ValidateRequest.feature:474"
          },
          {
            "duration": 0.000123725,
            "location": "400_ValidateRequest.feature:513"
          },
          {
            "duration": 0.001933098,
            "location": "400_ValidateRequest.feature:552"
          },
          {
            "duration": 0.000166815,
            "location": "400_ValidateRequest.feature:591"
          },
          {
            "duration": 0.000094714,
            "location": "404_ExecuteWithNotFound.feature:6"
          },
          {
            "duration": 0.000114766,
            "location": "404_ExecuteWithNotFound.feature:45"
          }
        ]
      }
    ]
  },
  {
    "source": "^the service with url \"(.*?)\"$",
    "steps": [
      {
        "name": "the service with url \"POST http://acmt-api-a-master-account-balance-mx-sit1.cfapps-gt1-dev.lac.nsroot.net/api/v1/accounts/master/balance\"",
        "aggregatedDurations": {
          "average": 0.102303927,
          "median": 0.018133833
        },
        "durations": [
          {
            "duration": 1.57261298,
            "location": "200_MasterAccountBalance.feature:5"
          },
          {
            "duration": 0.026978044,
            "location": "400_ValidateRequest.feature:5"
          },
          {
            "duration": 0.043783753,
            "location": "400_ValidateRequest.feature:44"
          },
          {
            "duration": 0.022490237,
            "location": "400_ValidateRequest.feature:83"
          },
          {
            "duration": 0.027911103,
            "location": "400_ValidateRequest.feature:122"
          },
          {
            "duration": 0.0262502,
            "location": "400_ValidateRequest.feature:161"
          },
          {
            "duration": 0.019256745,
            "location": "400_ValidateRequest.feature:200"
          },
          {
            "duration": 0.014333766,
            "location": "400_ValidateRequest.feature:239"
          },
          {
            "duration": 0.018133833,
            "location": "400_ValidateRequest.feature:278"
          },
          {
            "duration": 0.015600882,
            "location": "400_ValidateRequest.feature:317"
          },
          {
            "duration": 0.027438387,
            "location": "400_ValidateRequest.feature:356"
          },
          {
            "duration": 0.014579083,
            "location": "400_ValidateRequest.feature:395"
          },
          {
            "duration": 0.014253131,
            "location": "400_ValidateRequest.feature:434"
          },
          {
            "duration": 0.01411618,
            "location": "400_ValidateRequest.feature:473"
          },
          {
            "duration": 0.011432199,
            "location": "400_ValidateRequest.feature:512"
          },
          {
            "duration": 0.017970004,
            "location": "400_ValidateRequest.feature:551"
          },
          {
            "duration": 0.027954619,
            "location": "400_ValidateRequest.feature:590"
          },
          {
            "duration": 0.016898715,
            "location": "404_ExecuteWithNotFound.feature:5"
          },
          {
            "duration": 0.011780762,
            "location": "404_ExecuteWithNotFound.feature:44"
          }
        ]
      }
    ]
  },
  {
    "source": "^the service is executed with headers$",
    "steps": [
      {
        "name": "the service is executed with headers",
        "aggregatedDurations": {
          "average": 0.021508878,
          "median": 0.010184283
        },
        "durations": [
          {
            "duration": 0.155518182,
            "location": "200_MasterAccountBalance.feature:9"
          },
          {
            "duration": 0.017616321,
            "location": "400_ValidateRequest.feature:9"
          },
          {
            "duration": 0.030368112,
            "location": "400_ValidateRequest.feature:48"
          },
          {
            "duration": 0.011956538,
            "location": "400_ValidateRequest.feature:87"
          },
          {
            "duration": 0.018662438,
            "location": "400_ValidateRequest.feature:126"
          },
          {
            "duration": 0.015129873,
            "location": "400_ValidateRequest.feature:165"
          },
          {
            "duration": 0.008595908,
            "location": "400_ValidateRequest.feature:204"
          },
          {
            "duration": 0.006763496,
            "location": "400_ValidateRequest.feature:243"
          },
          {
            "duration": 0.010184283,
            "location": "400_ValidateRequest.feature:282"
          },
          {
            "duration": 0.008873223,
            "location": "400_ValidateRequest.feature:321"
          },
          {
            "duration": 0.063583181,
            "location": "400_ValidateRequest.feature:360"
          },
          {
            "duration": 0.012375496,
            "location": "400_ValidateRequest.feature:399"
          },
          {
            "duration": 0.008155617,
            "location": "400_ValidateRequest.feature:438"
          },
          {
            "duration": 0.005586401,
            "location": "400_ValidateRequest.feature:477"
          },
          {
            "duration": 0.005675995,
            "location": "400_ValidateRequest.feature:516"
          },
          {
            "duration": 0.007823266,
            "location": "400_ValidateRequest.feature:555"
          },
          {
            "duration": 0.012446318,
            "location": "400_ValidateRequest.feature:594"
          },
          {
            "duration": 0.005449878,
            "location": "404_ExecuteWithNotFound.feature:9"
          },
          {
            "duration": 0.003904167,
            "location": "404_ExecuteWithNotFound.feature:48"
          }
        ]
      }
    ]
  },
  {
    "source": "^the service should response Http code \u003c(\\d+)\u003e$",
    "steps": [
      {
        "name": "the service should response Http code \u003c200\u003e",
        "aggregatedDurations": {
          "average": 0.001259436,
          "median": 0.001259436
        },
        "durations": [
          {
            "duration": 0.001259436,
            "location": "200_MasterAccountBalance.feature:29"
          }
        ]
      },
      {
        "name": "the service should response Http code \u003c400\u003e",
        "aggregatedDurations": {
          "average": 0.000554496,
          "median": 0.000261315
        },
        "durations": [
          {
            "duration": 0.000441997,
            "location": "400_ValidateRequest.feature:31"
          },
          {
            "duration": 0.00034515,
            "location": "400_ValidateRequest.feature:70"
          },
          {
            "duration": 0.00050002,
            "location": "400_ValidateRequest.feature:109"
          },
          {
            "duration": 0.000312299,
            "location": "400_ValidateRequest.feature:148"
          },
          {
            "duration": 0.000390374,
            "location": "400_ValidateRequest.feature:187"
          },
          {
            "duration": 0.000234225,
            "location": "400_ValidateRequest.feature:226"
          },
          {
            "duration": 0.000184307,
            "location": "400_ValidateRequest.feature:265"
          },
          {
            "duration": 0.000341311,
            "location": "400_ValidateRequest.feature:304"
          },
          {
            "duration": 0.000224412,
            "location": "400_ValidateRequest.feature:343"
          },
          {
            "duration": 0.000276461,
            "location": "400_ValidateRequest.feature:382"
          },
          {
            "duration": 0.000210332,
            "location": "400_ValidateRequest.feature:421"
          },
          {
            "duration": 0.000185161,
            "location": "400_ValidateRequest.feature:460"
          },
          {
            "duration": 0.000189854,
            "location": "400_ValidateRequest.feature:499"
          },
          {
            "duration": 0.000167243,
            "location": "400_ValidateRequest.feature:538"
          },
          {
            "duration": 0.004622625,
            "location": "400_ValidateRequest.feature:577"
          },
          {
            "duration": 0.00024617,
            "location": "400_ValidateRequest.feature:612"
          }
        ]
      },
      {
        "name": "the service should response Http code \u003c404\u003e",
        "aggregatedDurations": {
          "average": 0.000188787,
          "median": 0.000188787
        },
        "durations": [
          {
            "duration": 0.000171935,
            "location": "404_ExecuteWithNotFound.feature:31"
          },
          {
            "duration": 0.000205639,
            "location": "404_ExecuteWithNotFound.feature:70"
          }
        ]
      }
    ]
  }
]